,NO_REGIAO,UF_NOME,DEPENDENCIA_NOME,LOCALIZACAO_NOME,IN_AGUA_POTAVEL,IN_ENERGIA_INEXISTENTE,IN_BIBLIOTECA,IN_LABORATORIO_CIENCIAS,IN_LABORATORIO_INFORMATICA,IN_COMPUTADOR,IN_EQUIP_IMPRESSORA,IN_EQUIP_TV,QT_EQUIP_TV,IN_EQUIP_LOUSA_DIGITAL,QT_EQUIP_LOUSA_DIGITAL,IN_EQUIP_MULTIMIDIA,QT_EQUIP_MULTIMIDIA,IN_DESKTOP_ALUNO,QT_DESKTOP_ALUNO,IN_COMP_PORTATIL_ALUNO,QT_COMP_PORTATIL_ALUNO,IN_INTERNET,IN_INTERNET_ALUNOS,IN_MATERIAL_PED_MULTIMIDIA
0,Centro-Oeste,DF,Estadual,Rural,1.0,0.0,0.1875,0.05,0.3125,0.95,0.9125,1.0,5.0,0.15,0.0,0.95,1.0,0.5,0.5,0.275,0.0,1.0,0.275,0.275
1,Centro-Oeste,DF,Estadual,Urbana,1.0,0.0,0.267741935483871,0.1596774193548387,0.5564516129032258,0.9919354838709677,0.967741935483871,0.9532258064516129,4.0,0.29838709677419356,0.0,0.9758064516129032,2.0,0.6564516129032258,8.0,0.36451612903225805,0.0,0.9887096774193549,0.4032258064516129,0.4241935483870968
2,Centro-Oeste,DF,Federal,Rural,1.0,0.0,1.0,1.0,1.0,1.0,1.0,1.0,4.0,0.5,0.5,1.0,44464.0,1.0,71.5,1.0,6.0,1.0,1.0,1.0
3,Centro-Oeste,DF,Federal,Urbana,1.0,0.0,1.0,1.0,1.0,1.0,1.0,0.7777777777777778,4.0,0.5555555555555556,1.0,1.0,40.0,1.0,120.0,0.6666666666666666,10.0,1.0,1.0,0.8888888888888888
4,Centro-Oeste,DF,Privada,Rural,1.0,0.0,0.25,0.5,0.5,1.0,1.0,1.0,2.5,0.25,0.0,0.5,0.5,0.5,3.0,0.5,0.5,1.0,0.25,0.5
5,Centro-Oeste,DF,Privada,Urbana,1.0,0.0,0.4653130287648054,0.38917089678510997,0.39593908629441626,0.9712351945854484,0.8747884940778342,0.8663282571912013,2.0,0.1658206429780034,0.0,0.7478849407783418,1.0,0.5752961082910322,2.0,0.48223350253807107,0.0,0.9983079526226735,0.48392554991539766,0.4619289340101523
6,Centro-Oeste,GO,Estadual,Rural,1.0,0.0,0.6515151515151515,0.045454545454545456,0.5303030303030303,1.0,0.9696969696969697,1.0,5.0,0.30303030303030304,0.0,0.9242424242424242,3.0,0.8181818181818182,6.0,0.8787878787878788,12.5,1.0,0.8636363636363636,0.5151515151515151
7,Centro-Oeste,GO,Estadual,Urbana,1.0,0.0,0.9299221357063404,0.3804226918798665,0.6763070077864294,1.0,0.9532814238042269,0.9777530589543938,6.0,0.7018909899888766,1.0,0.9911012235817576,4.0,0.71412680756396,6.0,0.8576195773081201,36.0,1.0,0.8587319243604005,0.6307007786429366
8,Centro-Oeste,GO,Federal,Rural,1.0,0.0,1.0,1.0,1.0,1.0,0.8333333333333334,0.8333333333333334,6.5,0.16666666666666666,0.0,1.0,25.0,1.0,194.0,0.5,1.0,1.0,1.0,1.0
9,Centro-Oeste,GO,Federal,Urbana,1.0,0.0,1.0,1.0,1.0,1.0,0.9523809523809523,0.9523809523809523,4.0,0.38095238095238093,0.0,0.9523809523809523,23.0,1.0,83.0,0.6666666666666666,5.0,1.0,1.0,0.9523809523809523
10,Centro-Oeste,GO,Municipal,Rural,0.9846153846153847,0.005128205128205128,0.3435897435897436,0.007692307692307693,0.2948717948717949,0.8717948717948718,0.6974358974358974,0.8743589743589744,1.0,0.11794871794871795,0.0,0.5794871794871795,1.0,0.5205128205128206,1.0,0.36153846153846153,0.0,0.9435897435897436,0.4205128205128205,0.33589743589743587
11,Centro-Oeste,GO,Municipal,Urbana,0.9995333644423705,0.0,0.3784414372375175,0.018665422305179653,0.29351376574895005,0.9799346710219319,0.8320111992533831,0.9328044797013533,2.0,0.13672421838544097,0.0,0.7634157722818479,1.0,0.4591693887074195,0.0,0.4092393840410639,0.0,0.998133457769482,0.3159122725151657,0.44190387307512835
12,Centro-Oeste,GO,Privada,Rural,1.0,0.0,1.0,0.18181818181818182,0.6363636363636364,1.0,0.9090909090909091,1.0,2.0,0.0,0.0,1.0,1.0,0.9090909090909091,6.0,0.36363636363636365,0.0,1.0,1.0,0.9090909090909091
13,Centro-Oeste,GO,Privada,Urbana,0.999124343257443,0.0,0.7933450087565674,0.23992994746059546,0.38704028021015763,0.968476357267951,0.9203152364273205,0.9098073555166375,2.0,0.1234676007005254,0.0,0.808231173380035,1.0,0.670753064798599,2.0,0.5367775831873906,1.0,0.9964973730297724,0.4973730297723292,0.5595446584938704
14,Centro-Oeste,MS,Estadual,Rural,0.9824561403508771,0.0,0.38596491228070173,0.14035087719298245,0.7543859649122807,0.9649122807017544,0.8070175438596491,0.7719298245614035,1.0,0.42105263157894735,0.0,0.9298245614035088,2.0,0.9473684210526315,10.0,0.5614035087719298,1.0,0.9824561403508771,0.8070175438596491,0.543859649122807
15,Centro-Oeste,MS,Estadual,Urbana,0.9932659932659933,0.0,0.67003367003367,0.4444444444444444,0.9225589225589226,1.0,0.9663299663299664,0.8316498316498316,1.0,0.5589225589225589,1.0,0.9797979797979798,4.0,0.9595959595959596,20.0,0.6599326599326599,2.0,1.0,0.8619528619528619,0.6632996632996633
16,Centro-Oeste,MS,Federal,Rural,1.0,0.0,1.0,1.0,1.0,1.0,1.0,0.5,11.0,1.0,12.5,1.0,27.5,1.0,168.5,1.0,9.5,1.0,1.0,1.0
17,Centro-Oeste,MS,Federal,Urbana,1.0,0.0,1.0,0.8888888888888888,1.0,1.0,1.0,1.0,4.0,1.0,8.0,1.0,20.0,1.0,178.0,0.6666666666666666,5.0,1.0,1.0,0.8888888888888888
18,Centro-Oeste,MS,Municipal,Rural,0.9392265193370166,0.0,0.3259668508287293,0.03314917127071823,0.430939226519337,0.9116022099447514,0.7458563535911602,0.8397790055248618,1.0,0.08287292817679558,0.0,0.7955801104972375,1.0,0.6519337016574586,3.0,0.3425414364640884,0.0,0.9723756906077348,0.5027624309392266,0.292817679558011
19,Centro-Oeste,MS,Municipal,Urbana,0.9492574257425742,0.0,0.2623762376237624,0.06683168316831684,0.33292079207920794,0.9851485148514851,0.7042079207920792,0.9368811881188119,3.0,0.23143564356435645,0.0,0.7735148514851485,1.0,0.5123762376237624,1.0,0.38613861386138615,0.0,0.9987623762376238,0.3465346534653465,0.39603960396039606
20,Centro-Oeste,MS,Privada,Rural,1.0,0.0,0.8,0.6,0.6,0.8,0.8,1.0,3.0,0.2,0.0,0.8,3.0,0.8,10.0,0.4,0.0,1.0,0.6,0.6
21,Centro-Oeste,MS,Privada,Urbana,0.9956616052060737,0.0,0.6355748373101953,0.21475054229934923,0.4403470715835141,0.9804772234273319,0.9045553145336226,0.9262472885032538,2.0,0.13665943600867678,0.0,0.8503253796095445,1.0,0.6876355748373102,3.0,0.5986984815618221,1.0,0.9978308026030369,0.6334056399132321,0.5661605206073753
22,Centro-Oeste,MT,Estadual,Rural,1.0,0.019704433497536946,0.5862068965517241,0.03940886699507389,0.24630541871921183,0.9753694581280788,0.7684729064039408,0.7241379310344828,1.0,0.1477832512315271,0.0,0.9113300492610837,1.0,0.5862068965517241,1.0,0.6995073891625616,20.0,0.9802955665024631,0.7635467980295566,0.3793103448275862
23,Centro-Oeste,MT,Estadual,Urbana,0.9978813559322034,0.0,0.9279661016949152,0.3029661016949153,0.5423728813559322,0.9957627118644068,0.8305084745762712,0.913135593220339,3.0,0.4025423728813559,0.0,0.9936440677966102,3.0,0.6885593220338984,5.0,0.8559322033898306,80.0,1.0,0.8940677966101694,0.576271186440678
24,Centro-Oeste,MT,Federal,Rural,1.0,0.0,1.0,1.0,1.0,1.0,1.0,0.8,2.0,0.0,0.0,1.0,25.0,1.0,90.0,0.6,30.0,1.0,1.0,0.8
25,Centro-Oeste,MT,Federal,Urbana,1.0,0.0,1.0,1.0,1.0,1.0,0.9285714285714286,0.9285714285714286,3.5,0.2857142857142857,0.0,0.9285714285714286,88888.0,1.0,60.5,0.9285714285714286,50.0,1.0,1.0,0.7857142857142857
26,Centro-Oeste,MT,Municipal,Rural,0.9661654135338346,0.02443609022556391,0.2556390977443609,0.007518796992481203,0.20864661654135339,0.7669172932330827,0.5018796992481203,0.6560150375939849,1.0,0.07706766917293233,0.0,0.5281954887218046,1.0,0.4718045112781955,0.0,0.2706766917293233,0.0,0.8515037593984962,0.3609022556390977,0.2650375939849624
27,Centro-Oeste,MT,Municipal,Urbana,0.9961649089165868,0.0,0.3604985618408437,0.029721955896452542,0.2473633748801534,0.9463087248322147,0.6922339405560882,0.9117929050814957,3.0,0.31543624161073824,0.0,0.8465963566634708,1.0,0.45158197507190795,0.0,0.37488015340364333,0.0,0.9913710450623202,0.2953020134228188,0.4592521572387344
28,Centro-Oeste,MT,Privada,Rural,1.0,0.0,1.0,0.0,1.0,1.0,0.75,0.5,0.5,0.0,0.0,0.75,1.0,0.5,4.0,0.75,1.5,1.0,0.5,0.75
29,Centro-Oeste,MT,Privada,Urbana,0.9978354978354979,0.0,0.6796536796536796,0.27705627705627706,0.4523809523809524,0.974025974025974,0.8852813852813853,0.8939393939393939,2.0,0.15151515151515152,0.0,0.829004329004329,1.0,0.683982683982684,2.5,0.6060606060606061,1.0,0.9956709956709957,0.5800865800865801,0.5800865800865801
30,Nordeste,AL,Estadual,Rural,1.0,0.0,0.2972972972972973,0.24324324324324326,0.5945945945945946,0.9459459459459459,0.5405405405405406,0.8648648648648649,4.0,0.05405405405405406,0.0,0.9459459459459459,2.0,0.7297297297297297,5.0,0.6216216216216216,1.0,0.972972972972973,0.7297297297297297,0.5675675675675675
31,Nordeste,AL,Estadual,Urbana,0.9855072463768116,0.0,0.5253623188405797,0.4601449275362319,0.7355072463768116,0.9963768115942029,0.8442028985507246,0.9239130434782609,3.0,0.17391304347826086,0.0,0.9927536231884058,3.0,0.8115942028985508,8.0,0.572463768115942,1.0,0.9963768115942029,0.7644927536231884,0.5181159420289855
32,Nordeste,AL,Federal,Urbana,1.0,0.0,1.0,0.8823529411764706,1.0,1.0,0.6470588235294118,0.9411764705882353,2.0,0.47058823529411764,0.0,1.0,16.0,1.0,40.0,0.5294117647058824,1.0,1.0,0.9411764705882353,0.7647058823529411
33,Nordeste,AL,Municipal,Rural,0.9762114537444934,0.0,0.08986784140969163,0.033480176211453744,0.07400881057268723,0.6431718061674009,0.42290748898678415,0.6660792951541851,1.0,0.03171806167400881,0.0,0.43788546255506605,0.0,0.24052863436123348,0.0,0.3162995594713656,0.0,0.852863436123348,0.252863436123348,0.1444933920704846
34,Nordeste,AL,Municipal,Urbana,0.9900552486187846,0.0,0.2541436464088398,0.055248618784530384,0.18342541436464088,0.9171270718232044,0.5337016574585636,0.7867403314917127,1.0,0.08066298342541436,0.0,0.6740331491712708,1.0,0.33370165745856356,0.0,0.3602209944751381,0.0,0.9712707182320443,0.25524861878453037,0.27071823204419887
35,Nordeste,AL,Privada,Rural,1.0,0.0,0.21428571428571427,0.07142857142857142,0.14285714285714285,0.5714285714285714,0.42857142857142855,0.5,0.5,0.07142857142857142,0.0,0.2857142857142857,0.0,0.35714285714285715,0.0,0.35714285714285715,0.0,0.5714285714285714,0.21428571428571427,0.21428571428571427
36,Nordeste,AL,Privada,Urbana,0.9882583170254403,0.0,0.5968688845401174,0.17416829745596868,0.2700587084148728,0.9549902152641878,0.8160469667318982,0.9197651663405088,1.0,0.12915851272015655,0.0,0.7710371819960861,1.0,0.5538160469667319,1.0,0.547945205479452,1.0,0.9902152641878669,0.42857142857142855,0.50293542074364
37,Nordeste,BA,Estadual,Rural,0.375,0.0,0.50625,0.11875,0.23125,0.70625,0.8625,0.89375,3.0,0.0375,0.0,0.7125,1.0,0.69375,3.0,0.43125,0.0,0.90625,0.4625,0.14375
38,Nordeste,BA,Estadual,Urbana,0.3614190687361419,0.0,0.7150776053215078,0.21729490022172948,0.2982261640798226,0.61529933481153,0.917960088691796,0.9212860310421286,6.0,0.09201773835920177,0.0,0.5942350332594235,2.0,0.8348115299334812,10.0,0.4246119733924612,0.0,0.9933481152993349,0.42904656319290463,0.19623059866962306
39,Nordeste,BA,Federal,Rural,1.0,0.0,1.0,1.0,1.0,1.0,0.8,0.8,3.0,0.4,0.0,1.0,41.0,1.0,48.0,0.2,0.0,1.0,1.0,0.8
40,Nordeste,BA,Federal,Urbana,1.0,0.0,1.0,0.90625,0.96875,1.0,0.96875,0.875,2.5,0.59375,1.5,1.0,19.0,0.96875,95.0,0.40625,0.0,1.0,1.0,0.78125
41,Nordeste,BA,Municipal,Rural,0.9087108013937282,0.011567944250871081,0.11303135888501742,0.00445993031358885,0.06815331010452962,0.6242508710801393,0.48696864111498256,0.6137979094076655,1.0,0.024250871080139375,0.0,0.43275261324041814,0.0,0.27693379790940764,0.0,0.2557491289198606,0.0,0.8022299651567945,0.2868292682926829,0.12153310104529617
42,Nordeste,BA,Municipal,Urbana,0.9595588235294118,0.001838235294117647,0.23897058823529413,0.025735294117647058,0.15543300653594772,0.9389297385620915,0.6821895424836601,0.7855392156862745,1.0,0.07883986928104575,0.0,0.7189542483660131,1.0,0.39358660130718953,0.0,0.35294117647058826,0.0,0.9746732026143791,0.27798202614379086,0.23774509803921567
43,Nordeste,BA,Privada,Rural,0.9878048780487805,0.0,0.6951219512195121,0.25609756097560976,0.4268292682926829,1.0,0.8414634146341463,0.8536585365853658,1.0,0.04878048780487805,0.0,0.7195121951219512,1.0,0.6463414634146342,2.0,0.5853658536585366,1.0,0.975609756097561,0.5975609756097561,0.5121951219512195
44,Nordeste,BA,Privada,Urbana,0.9809694793536804,0.0,0.6344703770197486,0.18384201077199283,0.24093357271095153,0.9490125673249551,0.8570915619389587,0.866786355475763,1.0,0.08725314183123878,0.0,0.6951526032315979,1.0,0.6157989228007181,1.0,0.5271095152603231,1.0,0.9874326750448833,0.4323159784560144,0.4118491921005386
45,Nordeste,CE,Estadual,Rural,0.9230769230769231,0.0,0.8365384615384616,0.6346153846153846,0.9326923076923077,1.0,0.625,0.8846153846153846,2.0,0.08653846153846154,0.0,0.9807692307692307,2.0,0.9711538461538461,20.0,0.4423076923076923,0.0,0.9807692307692307,0.8653846153846154,0.6346153846153846
46,Nordeste,CE,Estadual,Urbana,0.8692307692307693,0.0,0.98,0.8476923076923077,0.9953846153846154,0.9861538461538462,0.7015384615384616,0.9153846153846154,2.0,0.32,0.0,0.9769230769230769,4.0,0.9676923076923077,21.0,0.5215384615384615,1.0,0.9892307692307692,0.9415384615384615,0.8046153846153846
47,Nordeste,CE,Federal,Rural,1.0,0.0,1.0,1.0,1.0,1.0,1.0,1.0,44447.0,1.0,19.0,1.0,88888.0,1.0,109.5,1.0,65.0,1.0,1.0,1.0
48,Nordeste,CE,Federal,Urbana,1.0,0.0,0.96875,0.84375,0.96875,1.0,1.0,0.8125,3.0,0.5,0.5,0.96875,20.5,1.0,62.0,0.40625,0.0,1.0,1.0,0.71875
49,Nordeste,CE,Municipal,Rural,0.9733666250520183,0.0,0.15980024968789014,0.005409904286308781,0.13691219309196836,0.8526841448189763,0.5842696629213483,0.7224302954640033,1.0,0.07948397836038286,0.0,0.7278401997503121,1.0,0.3595505617977528,0.0,0.4964627548897212,0.0,0.9500624219725343,0.2958801498127341,0.28297960882230544
50,Nordeste,CE,Municipal,Urbana,0.984323733138899,0.0,0.3408676631425447,0.05359095880422895,0.2880058330295297,0.954064892453518,0.6715275246080933,0.8217280349981771,1.0,0.2019686474662778,0.0,0.8166241341596792,1.0,0.43711265038279257,0.0,0.5096609551585854,1.0,0.986875683558148,0.35362741523878966,0.3944586219467736
51,Nordeste,CE,Privada,Rural,1.0,0.0,0.5625,0.0625,0.3125,1.0,0.75,0.875,1.0,0.0,0.0,0.8125,1.0,0.8125,2.0,0.625,1.0,1.0,0.5,0.5
52,Nordeste,CE,Privada,Urbana,0.9864546525323911,0.0,0.6442873969375736,0.19257950530035337,0.3380447585394582,0.9399293286219081,0.8091872791519434,0.8510011778563016,1.0,0.09010600706713781,0.0,0.7396937573616019,1.0,0.6325088339222615,1.0,0.5353356890459364,1.0,0.9799764428739693,0.4210836277974087,0.48527679623085984
53,Nordeste,MA,Estadual,Rural,0.5900383141762452,0.05555555555555555,0.13793103448275862,0.02681992337164751,0.07854406130268199,0.1781609195402299,0.20881226053639848,0.2222222222222222,0.0,0.005747126436781609,0.0,0.1896551724137931,0.0,0.14367816091954022,0.0,0.1053639846743295,0.0,0.32375478927203066,0.1111111111111111,0.06513409961685823
54,Nordeste,MA,Estadual,Urbana,0.9745916515426497,0.0,0.7332123411978222,0.35934664246823955,0.5353901996370236,0.8838475499092558,0.7495462794918331,0.8166969147005445,2.0,0.147005444646098,0.0,0.8638838475499092,2.0,0.6751361161524501,2.0,0.5499092558983666,1.0,0.9401088929219601,0.5281306715063521,0.37749546279491836
55,Nordeste,MA,Federal,Rural,1.0,0.0,1.0,1.0,1.0,1.0,1.0,1.0,5.0,1.0,8.0,1.0,13.0,1.0,31.0,0.5,1.0,1.0,1.0,0.75
56,Nordeste,MA,Federal,Urbana,1.0,0.0,0.9565217391304348,0.9130434782608695,1.0,1.0,0.8260869565217391,0.8260869565217391,2.0,0.782608695652174,4.0,0.9565217391304348,9.0,1.0,48.0,0.5217391304347826,2.0,1.0,1.0,0.6086956521739131
57,Nordeste,MA,Municipal,Rural,0.8818264563106796,0.006219660194174757,0.05552184466019418,0.0027305825242718447,0.02487864077669903,0.3648361650485437,0.3461771844660194,0.32311893203883496,0.0,0.005612864077669903,0.0,0.24742111650485438,0.0,0.16201456310679613,0.0,0.1429004854368932,0.0,0.6506371359223301,0.17627427184466019,0.06128640776699029
58,Nordeste,MA,Municipal,Urbana,0.9745150247242298,0.0,0.16660327120578167,0.022822365918600228,0.1293267402054013,0.798782807151008,0.5523012552301255,0.5846329402814758,1.0,0.03689615823507037,0.0,0.5492582731076455,1.0,0.3799923925446938,0.0,0.28680106504374286,0.0,0.9197413465195892,0.23735260555344237,0.17611259033853177
59,Nordeste,MA,Privada,Rural,1.0,0.0,0.30246913580246915,0.030864197530864196,0.09259259259259259,0.7901234567901234,0.6419753086419753,0.7839506172839507,1.0,0.0,0.0,0.49382716049382713,0.0,0.4691358024691358,0.0,0.35185185185185186,0.0,0.8148148148148148,0.18518518518518517,0.25308641975308643
60,Nordeste,MA,Privada,Urbana,0.9873551106427819,0.0,0.6122233930453108,0.12539515279241306,0.2781875658587987,0.9188619599578504,0.7850368809272918,0.8493150684931506,1.0,0.0779768177028451,0.0,0.7218124341412012,1.0,0.6290832455216017,1.0,0.5089567966280295,1.0,0.9430979978925185,0.4172813487881981,0.43308746048472074
61,Nordeste,PB,Estadual,Rural,0.8873239436619719,0.0,0.4507042253521127,0.1267605633802817,0.1267605633802817,0.9295774647887324,0.5492957746478874,0.8028169014084507,4.0,0.028169014084507043,0.0,0.6901408450704225,1.0,0.8309859154929577,2.0,0.2535211267605634,0.0,0.8873239436619719,0.5492957746478874,0.1267605633802817
62,Nordeste,PB,Estadual,Urbana,0.973404255319149,0.0,0.7730496453900709,0.38652482269503546,0.29609929078014185,0.9875886524822695,0.6418439716312057,0.849290780141844,6.0,0.14361702127659576,0.0,0.7358156028368794,1.0,0.8439716312056738,9.0,0.33156028368794327,0.0,0.975177304964539,0.7056737588652482,0.2198581560283688
63,Nordeste,PB,Federal,Rural,1.0,0.0,1.0,1.0,1.0,1.0,1.0,1.0,18.0,0.0,0.0,1.0,30.0,1.0,130.0,1.0,2.0,1.0,1.0,1.0
64,Nordeste,PB,Federal,Urbana,1.0,0.0,0.92,0.72,0.88,1.0,0.88,0.96,10.0,0.36,0.0,1.0,14.0,0.88,80.0,0.64,2.0,1.0,0.88,0.72
65,Nordeste,PB,Municipal,Rural,0.989646772228989,0.0,0.10779537149817296,0.0030450669914738123,0.13093788063337394,0.6400730816077954,0.44336175395858707,0.6638246041412911,1.0,0.021315468940316686,0.0,0.34287454323995126,0.0,0.35931790499390986,0.0,0.30694275274056027,0.0,0.8124238733252132,0.24908647990255786,0.13580998781973203
66,Nordeste,PB,Municipal,Urbana,0.9972696245733789,0.0,0.2982935153583618,0.042320819112627986,0.26075085324232083,0.9324232081911262,0.6313993174061433,0.8907849829351536,1.0,0.07918088737201365,0.0,0.7208191126279864,1.0,0.5146757679180888,1.0,0.4491467576791809,0.0,0.9754266211604096,0.3194539249146758,0.33310580204778156
67,Nordeste,PB,Privada,Rural,1.0,0.0,0.5,0.0,0.3333333333333333,0.8333333333333334,0.6666666666666666,1.0,1.0,0.0,0.0,0.5,0.5,0.6666666666666666,1.0,0.8333333333333334,1.0,0.8333333333333334,0.3333333333333333,0.3333333333333333
68,Nordeste,PB,Privada,Urbana,0.9855875831485588,0.0,0.5011086474501109,0.16186252771618626,0.1662971175166297,0.9290465631929047,0.7361419068736141,0.9101995565410199,1.0,0.06208425720620843,0.0,0.5643015521064302,1.0,0.4556541019955654,0.0,0.4700665188470067,0.0,0.958980044345898,0.3148558758314856,0.3924611973392461
69,Nordeste,PE,Estadual,Rural,0.8270042194092827,0.03375527426160337,0.4345991561181435,0.07172995780590717,0.27848101265822783,0.8438818565400844,0.6371308016877637,0.6835443037974683,1.0,0.02531645569620253,0.0,0.7046413502109705,1.0,0.5316455696202531,1.0,0.18565400843881857,0.0,0.8649789029535865,0.4092827004219409,0.33755274261603374
70,Nordeste,PE,Estadual,Urbana,0.9841849148418491,0.0,0.927007299270073,0.44768856447688565,0.7956204379562044,0.9975669099756691,0.8236009732360098,0.8905109489051095,2.0,0.25669099756691,0.0,0.9647201946472019,5.0,0.7749391727493917,10.0,0.3819951338199513,0.0,0.9951338199513382,0.7749391727493917,0.7116788321167883
71,Nordeste,PE,Federal,Rural,1.0,0.0,1.0,0.8571428571428571,1.0,1.0,0.8571428571428571,0.7142857142857143,12.0,0.2857142857142857,0.0,1.0,88888.0,1.0,86.0,0.7142857142857143,3.0,1.0,1.0,1.0
72,Nordeste,PE,Federal,Urbana,1.0,0.0,0.8947368421052632,0.6842105263157895,0.9473684210526315,1.0,1.0,0.8421052631578947,3.0,0.42105263157894735,0.0,0.8947368421052632,29.0,1.0,95.0,0.631578947368421,6.0,1.0,0.9473684210526315,0.7368421052631579
73,Nordeste,PE,Municipal,Rural,0.9518446601941748,0.0,0.14951456310679612,0.01825242718446602,0.06718446601941748,0.5596116504854369,0.4186407766990291,0.5879611650485437,1.0,0.08854368932038835,0.0,0.4500970873786408,0.0,0.21281553398058253,0.0,0.25980582524271845,0.0,0.8038834951456311,0.25980582524271845,0.13359223300970874
74,Nordeste,PE,Municipal,Urbana,0.984510250569476,0.0,0.41776765375854213,0.06195899772209567,0.14214123006833712,0.929384965831435,0.6086560364464693,0.7658314350797266,1.0,0.12164009111617312,0.0,0.7881548974943052,1.0,0.35079726651480636,0.0,0.40501138952164006,0.0,0.9744874715261959,0.3248291571753986,0.35990888382687924
75,Nordeste,PE,Privada,Rural,0.9565217391304348,0.0,0.37681159420289856,0.13043478260869565,0.2463768115942029,0.927536231884058,0.8115942028985508,0.6086956521739131,1.0,0.043478260869565216,0.0,0.7391304347826086,1.0,0.391304347826087,0.0,0.2463768115942029,0.0,0.9130434782608695,0.2463768115942029,0.37681159420289856
76,Nordeste,PE,Privada,Urbana,0.9861376673040153,0.0,0.7079349904397706,0.21845124282982792,0.2939770554493308,0.9383365200764818,0.8173996175908221,0.8819311663479924,1.0,0.07982791586998088,0.0,0.6802103250478011,1.0,0.5611854684512428,1.0,0.5095602294455067,1.0,0.97131931166348,0.4024856596558317,0.43164435946462715
77,Nordeste,PI,Estadual,Rural,0.9848484848484849,0.0,0.42424242424242425,0.10606060606060606,0.3333333333333333,0.8939393939393939,0.9090909090909091,0.7121212121212122,1.0,0.015151515151515152,0.0,0.7727272727272727,1.0,0.9242424242424242,3.0,0.5303030303030303,1.0,1.0,0.7575757575757576,0.5454545454545454
78,Nordeste,PI,Estadual,Urbana,0.9947735191637631,0.0,0.6358885017421603,0.1951219512195122,0.6289198606271778,0.9860627177700348,0.8571428571428571,0.8501742160278746,1.0,0.1759581881533101,0.0,0.9372822299651568,2.0,0.9738675958188153,5.0,0.7125435540069687,1.0,1.0,0.7630662020905923,0.7560975609756098
79,Nordeste,PI,Federal,Rural,1.0,0.0,1.0,1.0,1.0,1.0,1.0,1.0,2.0,0.0,0.0,1.0,16.0,1.0,39.0,0.6666666666666666,1.0,1.0,1.0,0.6666666666666666
80,Nordeste,PI,Federal,Urbana,1.0,0.0,1.0,0.9,1.0,1.0,0.9,0.9,3.5,0.15,0.0,1.0,88888.0,1.0,65.0,0.4,0.0,1.0,1.0,0.75
81,Nordeste,PI,Municipal,Rural,0.942296252230815,0.01189767995240928,0.05591909577632362,0.00297441998810232,0.06365258774538965,0.578227245687091,0.5074360499702558,0.529446757882213,1.0,0.04818560380725759,0.0,0.40273646638905414,0.0,0.26650803093396785,0.0,0.23319452706722188,0.0,0.8132064247471743,0.2611540749553837,0.10767400356930398
82,Nordeste,PI,Municipal,Urbana,0.9852832965415746,0.008094186902133923,0.14422369389256806,0.014716703458425313,0.12656364974245768,0.8653421633554084,0.6718175128771156,0.7144959529065489,1.0,0.08314937454010302,0.0,0.6688741721854304,1.0,0.40397350993377484,0.0,0.3428991905813098,0.0,0.963944076526858,0.22590139808682855,0.19131714495952906
83,Nordeste,PI,Privada,Rural,1.0,0.0,1.0,1.0,1.0,1.0,0.0,1.0,2.0,0.0,0.0,1.0,1.0,1.0,12.0,1.0,2.0,1.0,1.0,1.0
84,Nordeste,PI,Privada,Urbana,0.9896694214876033,0.0,0.7975206611570248,0.4359504132231405,0.4194214876033058,0.9896694214876033,0.9070247933884298,0.8966942148760331,1.0,0.05578512396694215,0.0,0.8574380165289256,1.0,0.7045454545454546,2.0,0.6239669421487604,1.0,0.9855371900826446,0.5165289256198347,0.5227272727272727
85,Nordeste,RN,Estadual,Rural,0.8909090909090909,0.0,0.5818181818181818,0.14545454545454545,0.3090909090909091,0.9454545454545454,0.509090909090909,0.5272727272727272,1.0,0.07272727272727272,0.0,0.7818181818181819,1.0,0.509090909090909,1.0,0.509090909090909,1.0,0.9090909090909091,0.41818181818181815,0.6363636363636364
86,Nordeste,RN,Estadual,Urbana,0.9830827067669173,0.0,0.8308270676691729,0.36654135338345867,0.6015037593984962,0.981203007518797,0.6560150375939849,0.7086466165413534,1.0,0.29887218045112784,0.0,0.9379699248120301,3.0,0.7293233082706767,3.0,0.6015037593984962,1.0,0.9755639097744361,0.6296992481203008,0.6973684210526315
87,Nordeste,RN,Federal,Rural,1.0,0.0,1.0,1.0,1.0,1.0,1.0,1.0,5.0,1.0,3.0,1.0,38.0,1.0,183.0,0.0,0.0,1.0,1.0,1.0
88,Nordeste,RN,Federal,Urbana,1.0,0.0,0.9583333333333334,0.875,1.0,1.0,0.9583333333333334,0.75,2.5,0.375,0.0,0.9583333333333334,88888.0,1.0,155.5,0.2916666666666667,0.0,1.0,0.9583333333333334,0.7916666666666666
89,Nordeste,RN,Municipal,Rural,0.9817351598173516,0.0,0.14794520547945206,0.0091324200913242,0.136986301369863,0.6995433789954338,0.5095890410958904,0.6922374429223744,1.0,0.0091324200913242,0.0,0.508675799086758,1.0,0.36255707762557077,0.0,0.365296803652968,0.0,0.8776255707762557,0.3470319634703196,0.2
90,Nordeste,RN,Municipal,Urbana,0.9950738916256158,0.0,0.3980295566502463,0.02857142857142857,0.2689655172413793,0.858128078817734,0.6591133004926109,0.8088669950738916,1.0,0.1438423645320197,0.0,0.7812807881773399,1.0,0.50935960591133,1.0,0.49261083743842365,0.0,0.9763546798029556,0.361576354679803,0.4147783251231527
91,Nordeste,RN,Privada,Rural,1.0,0.0,0.45,0.0,0.1,0.9,0.45,0.8,1.0,0.1,0.0,0.45,0.0,0.45,0.0,0.4,0.0,0.9,0.35,0.4
92,Nordeste,RN,Privada,Urbana,0.9841726618705036,0.0,0.720863309352518,0.22446043165467625,0.27482014388489207,0.9496402877697842,0.8115107913669065,0.8633093525179856,1.0,0.09784172661870504,0.0,0.7424460431654676,1.0,0.5942446043165468,1.0,0.5582733812949641,1.0,0.9712230215827338,0.4776978417266187,0.5266187050359712
93,Nordeste,SE,Estadual,Rural,1.0,0.0,0.59375,0.125,0.4375,1.0,0.625,0.875,2.0,0.09375,0.0,0.96875,2.0,0.78125,4.0,0.65625,1.0,1.0,0.65625,0.40625
94,Nordeste,SE,Estadual,Urbana,1.0,0.0,0.6538461538461539,0.25874125874125875,0.7867132867132867,1.0,0.7902097902097902,0.9755244755244755,2.0,0.22727272727272727,0.0,0.9790209790209791,3.0,0.8881118881118881,15.0,0.7307692307692307,2.0,1.0,0.8391608391608392,0.44405594405594406
95,Nordeste,SE,Federal,Rural,1.0,0.0,1.0,1.0,1.0,1.0,0.6666666666666666,0.6666666666666666,1.0,0.0,0.0,1.0,44.0,0.6666666666666666,84.0,0.3333333333333333,0.0,1.0,1.0,1.0
96,Nordeste,SE,Federal,Urbana,1.0,0.0,1.0,0.42857142857142855,1.0,1.0,0.7142857142857143,1.0,2.0,0.14285714285714285,0.0,1.0,30.0,1.0,68.0,0.7142857142857143,3.0,1.0,1.0,0.7142857142857143
97,Nordeste,SE,Municipal,Rural,0.9840848806366048,0.0,0.042440318302387266,0.003978779840848806,0.054376657824933686,0.6856763925729443,0.3912466843501326,0.7546419098143236,1.0,0.01989389920424403,0.0,0.5397877984084881,1.0,0.23076923076923078,0.0,0.4854111405835544,0.0,0.9098143236074271,0.42572944297082227,0.1976127320954907
98,Nordeste,SE,Municipal,Urbana,1.0,0.0,0.14056224899598393,0.02610441767068273,0.14859437751004015,0.8714859437751004,0.6044176706827309,0.8674698795180723,1.0,0.15261044176706828,0.0,0.6305220883534136,1.0,0.3815261044176707,0.0,0.4578313253012048,0.0,0.9839357429718876,0.40763052208835343,0.2570281124497992
99,Nordeste,SE,Privada,Rural,1.0,0.0,0.2857142857142857,0.07142857142857142,0.14285714285714285,1.0,0.5714285714285714,0.9285714285714286,1.0,0.07142857142857142,0.0,0.5714285714285714,1.0,0.6428571428571429,1.0,0.42857142857142855,0.0,1.0,0.42857142857142855,0.2857142857142857
100,Nordeste,SE,Privada,Urbana,1.0,0.0,0.44124168514412415,0.17738359201773837,0.22172949002217296,0.9578713968957872,0.7450110864745011,0.9201773835920177,1.0,0.11751662971175167,0.0,0.7272727272727273,1.0,0.5631929046563193,1.0,0.5277161862527716,1.0,0.9889135254988913,0.4678492239467849,0.43458980044345896
101,Norte,AC,Estadual,Rural,0.4894117647058824,0.508235294117647,0.02823529411764706,0.01411764705882353,0.021176470588235293,0.2847058823529412,0.22588235294117648,0.25176470588235295,0.0,0.02823529411764706,0.0,0.2164705882352941,0.0,0.13411764705882354,0.0,0.06823529411764706,0.0,0.3176470588235294,0.0988235294117647,0.08705882352941176
102,Norte,AC,Estadual,Urbana,0.9456521739130435,0.0,0.10869565217391304,0.23369565217391305,0.45108695652173914,0.9782608695652174,0.8858695652173914,0.7391304347826086,1.0,0.21195652173913043,0.0,0.9184782608695652,3.0,0.5760869565217391,2.5,0.41847826086956524,0.0,0.967391304347826,0.44565217391304346,0.5217391304347826
103,Norte,AC,Federal,Rural,1.0,0.0,1.0,1.0,1.0,1.0,0.0,1.0,5.0,1.0,1.0,1.0,12.0,1.0,59.0,1.0,100.0,1.0,1.0,0.0
104,Norte,AC,Federal,Urbana,1.0,0.0,1.0,1.0,1.0,1.0,1.0,1.0,1.0,0.3333333333333333,0.0,1.0,11.0,1.0,40.5,0.5,2.5,1.0,1.0,0.5
105,Norte,AC,Municipal,Rural,0.5416012558869702,0.45682888540031397,0.0141287284144427,0.0,0.012558869701726845,0.14756671899529042,0.18995290423861852,0.13186813186813187,0.0,0.0,0.0,0.08163265306122448,0.0,0.06436420722135008,0.0,0.061224489795918366,0.0,0.23547880690737832,0.07535321821036106,0.0282574568288854
106,Norte,AC,Municipal,Urbana,0.9327354260089686,0.004484304932735426,0.1031390134529148,0.0,0.06278026905829596,0.9417040358744395,0.7982062780269058,0.8430493273542601,1.0,0.02242152466367713,0.0,0.8251121076233184,1.0,0.273542600896861,0.0,0.336322869955157,0.0,0.9013452914798207,0.12556053811659193,0.2645739910313901
107,Norte,AC,Privada,Urbana,1.0,0.0,0.5454545454545454,0.38636363636363635,0.5227272727272727,1.0,0.8863636363636364,0.9090909090909091,2.0,0.22727272727272727,0.0,0.9318181818181818,3.5,0.75,5.0,0.4772727272727273,0.0,1.0,0.7045454545454546,0.6363636363636364
108,Norte,AM,Estadual,Rural,0.8823529411764706,0.03529411764705882,0.3,0.11176470588235295,0.22941176470588234,0.7235294117647059,0.36470588235294116,0.788235294117647,1.0,0.0,0.0,0.21176470588235294,0.0,0.6588235294117647,1.0,0.1,0.0,0.8529411764705882,0.11764705882352941,0.12352941176470589
109,Norte,AM,Estadual,Urbana,0.9846678023850085,0.0,0.8160136286201022,0.3321976149914821,0.6575809199318569,0.8347529812606473,0.7989778534923339,0.8262350936967632,2.0,0.022146507666098807,0.0,0.8551959114139693,2.0,0.666098807495741,3.0,0.3321976149914821,0.0,0.9028960817717206,0.3747870528109029,0.19931856899488926
110,Norte,AM,Federal,Rural,1.0,0.0,1.0,0.3333333333333333,1.0,1.0,1.0,0.3333333333333333,0.0,0.3333333333333333,0.0,1.0,10.0,1.0,80.0,0.0,0.0,1.0,1.0,0.3333333333333333
111,Norte,AM,Federal,Urbana,1.0,0.0,0.9333333333333333,0.8,1.0,1.0,1.0,0.8,4.0,0.4666666666666667,0.0,1.0,20.0,1.0,74.0,0.4,0.0,1.0,1.0,0.8666666666666667
112,Norte,AM,Municipal,Rural,0.8873443382565884,0.2580364900086881,0.0613958876339415,0.0005792064871126556,0.03388357949609035,0.20561830292499275,0.18795250506805677,0.12134375905010136,0.0,0.003764842166232262,0.0,0.12539820445988994,0.0,0.08340573414422242,0.0,0.03475238922675934,0.0,0.3353605560382276,0.09209383145091225,0.03388357949609035
113,Norte,AM,Municipal,Urbana,0.9965437788018433,0.0,0.402073732718894,0.02880184331797235,0.32142857142857145,0.9147465437788018,0.7188940092165899,0.8076036866359447,2.0,0.03110599078341014,0.0,0.8202764976958525,1.0,0.4274193548387097,0.0,0.28456221198156684,0.0,0.868663594470046,0.31797235023041476,0.2960829493087558
114,Norte,AM,Privada,Rural,1.0,0.0,0.6666666666666666,0.0,0.3333333333333333,1.0,1.0,0.6666666666666666,1.0,0.3333333333333333,0.0,0.6666666666666666,1.0,0.6666666666666666,1.0,0.0,0.0,0.6666666666666666,0.3333333333333333,0.3333333333333333
115,Norte,AM,Privada,Urbana,0.961218836565097,0.0,0.6814404432132964,0.19667590027700832,0.3490304709141274,0.9473684210526315,0.8781163434903048,0.8725761772853186,2.0,0.0997229916897507,0.0,0.8393351800554016,1.0,0.6232686980609419,1.0,0.5069252077562327,1.0,0.9556786703601108,0.40166204986149584,0.5013850415512465
116,Norte,AP,Estadual,Rural,0.6638297872340425,0.11063829787234042,0.28085106382978725,0.00851063829787234,0.05531914893617021,0.4340425531914894,0.3191489361702128,0.3148936170212766,0.0,0.00425531914893617,0.0,0.24680851063829787,0.0,0.23404255319148937,0.0,0.13191489361702127,0.0,0.5617021276595745,0.1148936170212766,0.09787234042553192
117,Norte,AP,Estadual,Urbana,0.9664429530201343,0.0,0.6442953020134228,0.2080536912751678,0.4429530201342282,0.959731543624161,0.7651006711409396,0.697986577181208,1.0,0.10067114093959731,0.0,0.8456375838926175,1.0,0.6510067114093959,2.0,0.2550335570469799,0.0,0.9530201342281879,0.3825503355704698,0.4563758389261745
118,Norte,AP,Federal,Urbana,0.8333333333333334,0.0,0.8333333333333334,0.6666666666666666,1.0,1.0,0.8333333333333334,1.0,2.0,0.6666666666666666,5.0,1.0,12.5,1.0,45.0,0.3333333333333333,0.0,1.0,1.0,0.8333333333333334
119,Norte,AP,Municipal,Rural,0.8849557522123894,0.11061946902654868,0.03982300884955752,0.004424778761061947,0.017699115044247787,0.39823008849557523,0.3008849557522124,0.2345132743362832,0.0,0.08849557522123894,0.0,0.20353982300884957,0.0,0.11061946902654868,0.0,0.035398230088495575,0.0,0.3495575221238938,0.022123893805309734,0.035398230088495575
120,Norte,AP,Municipal,Urbana,0.9774011299435028,0.0,0.13559322033898305,0.0,0.0847457627118644,0.8926553672316384,0.6949152542372882,0.5480225988700564,1.0,0.2937853107344633,0.0,0.519774011299435,1.0,0.24858757062146894,0.0,0.192090395480226,0.0,0.7344632768361582,0.13559322033898305,0.1977401129943503
121,Norte,AP,Privada,Rural,1.0,0.0,1.0,0.0,0.25,0.75,1.0,1.0,1.0,0.0,0.0,0.75,1.0,0.5,2.0,0.25,0.0,0.75,0.75,0.5
122,Norte,AP,Privada,Urbana,0.9634146341463414,0.0,0.5853658536585366,0.21951219512195122,0.4268292682926829,0.9390243902439024,0.8658536585365854,0.8536585365853658,1.0,0.1951219512195122,0.0,0.7804878048780488,1.0,0.6829268292682927,3.0,0.5121951219512195,1.0,0.9878048780487805,0.524390243902439,0.5853658536585366
123,Norte,PA,Estadual,Rural,0.9157088122605364,0.0,0.3793103448275862,0.22988505747126436,0.3371647509578544,0.7126436781609196,0.578544061302682,0.4904214559386973,0.0,0.019157088122605363,0.0,0.7318007662835249,1.0,0.9961685823754789,10.0,0.0,0.0,1.0,0.9885057471264368,0.0
124,Norte,PA,Estadual,Urbana,0.9724517906336089,0.0,0.5991735537190083,0.37052341597796146,0.5550964187327824,0.9765840220385675,0.7121212121212122,0.6349862258953168,1.0,0.03168044077134986,0.0,0.8815426997245179,2.0,0.9889807162534435,10.0,0.01652892561983471,0.0,0.9986225895316805,0.977961432506887,0.015151515151515152
125,Norte,PA,Federal,Rural,1.0,0.0,1.0,1.0,1.0,1.0,1.0,1.0,5.0,0.0,0.0,1.0,5.0,1.0,37.0,0.0,0.0,1.0,1.0,0.0
126,Norte,PA,Federal,Urbana,1.0,0.0,1.0,0.6818181818181818,1.0,1.0,0.9545454545454546,1.0,5.0,0.45454545454545453,0.0,1.0,15.5,1.0,80.5,0.5454545454545454,2.5,1.0,1.0,0.7272727272727273
127,Norte,PA,Municipal,Rural,0.7130660161610002,0.1042841896630584,0.05610611373685013,0.003049245311785333,0.043451745692940996,0.3457844183564568,0.3081262387559079,0.2678762006403415,0.0,0.008537886872998933,0.0,0.2029272754993139,0.0,0.09117243482238147,0.0,0.05290440615947553,0.0,0.5098338161305077,0.118920567159628,0.04512883061442293
128,Norte,PA,Municipal,Urbana,0.9345661450924608,0.0,0.22095779990516834,0.021811284969179705,0.24893314366998578,0.918918918918919,0.6083451872925557,0.7060218112849692,1.0,0.04267425320056899,0.0,0.6870554765291608,1.0,0.3148411569464201,0.0,0.1683262209577999,0.0,0.9468942626837363,0.23376007586533903,0.20056899004267426
129,Norte,PA,Privada,Rural,0.8846153846153846,0.0,0.6153846153846154,0.07692307692307693,0.46153846153846156,0.8461538461538461,0.8076923076923077,0.6923076923076923,1.0,0.11538461538461539,0.0,0.8076923076923077,1.0,0.6538461538461539,2.0,0.3076923076923077,0.0,0.7307692307692307,0.4230769230769231,0.34615384615384615
130,Norte,PA,Privada,Urbana,0.9883227176220807,0.0,0.6401273885350318,0.3078556263269639,0.45329087048832273,0.9639065817409767,0.8545647558386412,0.8980891719745223,2.0,0.07430997876857749,0.0,0.8036093418259024,1.0,0.6995753715498938,2.0,0.5796178343949044,1.0,0.9745222929936306,0.5169851380042463,0.5329087048832272
131,Norte,RO,Estadual,Rural,0.9159663865546218,0.226890756302521,0.16806722689075632,0.04201680672268908,0.15126050420168066,0.3949579831932773,0.31932773109243695,0.37815126050420167,0.0,0.01680672268907563,0.0,0.2184873949579832,0.0,0.3025210084033613,0.0,0.16806722689075632,0.0,0.5210084033613446,0.31932773109243695,0.07563025210084033
132,Norte,RO,Estadual,Urbana,0.9930795847750865,0.0,0.916955017301038,0.4359861591695502,0.8996539792387543,1.0,0.9619377162629758,0.8788927335640139,2.0,0.4844290657439446,0.0,0.9965397923875432,5.0,0.972318339100346,19.0,0.6020761245674741,2.0,1.0,0.9273356401384083,0.5432525951557093
133,Norte,RO,Federal,Rural,1.0,0.0,1.0,1.0,1.0,1.0,1.0,1.0,14.0,0.5,3.0,0.5,2.5,1.0,85.0,0.0,0.0,1.0,1.0,1.0
134,Norte,RO,Federal,Urbana,1.0,0.0,1.0,0.75,1.0,1.0,0.875,1.0,22.5,0.375,0.0,1.0,13.0,1.0,114.0,0.5,1.5,1.0,1.0,0.75
135,Norte,RO,Municipal,Rural,0.9791666666666666,0.004166666666666667,0.30833333333333335,0.041666666666666664,0.19166666666666668,0.8541666666666666,0.7208333333333333,0.75,1.0,0.1125,0.0,0.6541666666666667,1.0,0.4125,0.0,0.3125,0.0,0.8958333333333334,0.31666666666666665,0.14583333333333334
136,Norte,RO,Municipal,Urbana,0.9924242424242424,0.0,0.25,0.03787878787878788,0.20959595959595959,0.9949494949494949,0.8787878787878788,0.8838383838383839,2.0,0.16414141414141414,0.0,0.8484848484848485,1.0,0.39141414141414144,0.0,0.32323232323232326,0.0,0.9924242424242424,0.26262626262626265,0.21717171717171718
137,Norte,RO,Privada,Rural,1.0,0.0,1.0,0.4,0.8,1.0,0.9,0.9,2.0,0.0,0.0,1.0,2.5,0.7,10.0,0.5,0.5,1.0,0.8,0.6
138,Norte,RO,Privada,Urbana,0.9941860465116279,0.0,0.6918604651162791,0.22674418604651161,0.47093023255813954,0.9709302325581395,0.9244186046511628,0.8546511627906976,2.0,0.1569767441860465,0.0,0.872093023255814,1.0,0.7034883720930233,4.0,0.5232558139534884,1.0,1.0,0.6162790697674418,0.5348837209302325
139,Norte,RR,Estadual,Rural,0.4206896551724138,0.3310344827586207,0.15862068965517243,0.0034482758620689655,0.05172413793103448,0.3724137931034483,0.13793103448275862,0.28620689655172415,0.0,0.0034482758620689655,0.0,0.30689655172413793,0.0,0.17586206896551723,0.0,0.18620689655172415,0.0,0.4103448275862069,0.30689655172413793,0.010344827586206896
140,Norte,RR,Estadual,Urbana,0.9883720930232558,0.0,0.872093023255814,0.29069767441860467,0.6511627906976745,0.9767441860465116,0.9186046511627907,0.9069767441860465,2.0,0.12790697674418605,0.0,0.9651162790697675,2.0,0.7209302325581395,5.5,0.5348837209302325,1.0,0.9302325581395349,0.6627906976744186,0.4418604651162791
141,Norte,RR,Federal,Rural,1.0,0.0,1.0,1.0,1.0,1.0,1.0,1.0,7.0,0.0,0.0,1.0,13.0,1.0,35.5,0.5,10.0,1.0,0.5,1.0
142,Norte,RR,Federal,Urbana,1.0,0.0,1.0,1.0,1.0,1.0,1.0,1.0,9.0,0.2,0.0,1.0,14.0,1.0,65.0,0.4,0.0,1.0,1.0,0.8
143,Norte,RR,Municipal,Rural,0.5659722222222222,0.22916666666666666,0.0798611111111111,0.006944444444444444,0.017361111111111112,0.2777777777777778,0.2465277777777778,0.2048611111111111,0.0,0.03819444444444445,0.0,0.08680555555555555,0.0,0.09027777777777778,0.0,0.027777777777777776,0.0,0.4548611111111111,0.0798611111111111,0.024305555555555556
144,Norte,RR,Municipal,Urbana,0.9827586206896551,0.0,0.14367816091954022,0.14367816091954022,0.05172413793103448,0.9597701149425287,0.8103448275862069,0.8448275862068966,1.0,0.4482758620689655,0.0,0.6724137931034483,1.0,0.1781609195402299,0.0,0.2413793103448276,0.0,0.9310344827586207,0.20689655172413793,0.23563218390804597
145,Norte,RR,Privada,Rural,1.0,0.0,1.0,0.0,1.0,1.0,1.0,1.0,1.0,0.0,0.0,1.0,1.0,1.0,1.0,1.0,1.0,1.0,0.0,0.0
146,Norte,RR,Privada,Urbana,1.0,0.0,0.6521739130434783,0.30434782608695654,0.3695652173913043,0.9782608695652174,0.9130434782608695,0.8478260869565217,2.0,0.2391304347826087,0.0,0.782608695652174,1.0,0.6304347826086957,2.0,0.43478260869565216,0.0,1.0,0.4782608695652174,0.5434782608695652
147,Norte,TO,Estadual,Rural,0.6095890410958904,0.02054794520547945,0.22602739726027396,0.03424657534246575,0.10273972602739725,0.7328767123287672,0.3767123287671233,0.363013698630137,0.0,0.02054794520547945,0.0,0.4726027397260274,0.0,0.4315068493150685,0.0,0.15753424657534246,0.0,0.6712328767123288,0.3013698630136986,0.17123287671232876
148,Norte,TO,Estadual,Urbana,0.9971590909090909,0.0,0.8863636363636364,0.13636363636363635,0.3522727272727273,0.9971590909090909,0.6420454545454546,0.6392045454545454,1.0,0.29829545454545453,0.0,0.9545454545454546,2.0,0.6221590909090909,1.5,0.3693181818181818,0.0,1.0,0.8096590909090909,0.4318181818181818
149,Norte,TO,Federal,Rural,1.0,0.0,1.0,1.0,1.0,1.0,1.0,1.0,3.0,0.5,0.5,1.0,44444.5,1.0,171.0,0.0,0.0,1.0,1.0,1.0
150,Norte,TO,Federal,Urbana,1.0,0.0,1.0,0.8888888888888888,1.0,1.0,0.6666666666666666,1.0,4.0,0.0,0.0,1.0,88888.0,1.0,100.0,0.4444444444444444,0.0,1.0,1.0,0.6666666666666666
151,Norte,TO,Municipal,Rural,0.9074626865671642,0.020895522388059702,0.11641791044776119,0.0,0.04477611940298507,0.7432835820895523,0.48955223880597015,0.5194029850746269,1.0,0.03283582089552239,0.0,0.48059701492537316,0.0,0.20298507462686566,0.0,0.16417910447761194,0.0,0.8925373134328358,0.2537313432835821,0.0955223880597015
152,Norte,TO,Municipal,Urbana,0.9982608695652174,0.0,0.2956521739130435,0.01391304347826087,0.1791304347826087,0.9878260869565217,0.64,0.8365217391304348,2.0,0.09739130434782609,0.0,0.831304347826087,1.0,0.3373913043478261,0.0,0.2921739130434783,0.0,1.0,0.3582608695652174,0.32869565217391306
153,Norte,TO,Privada,Rural,1.0,0.0,1.0,0.3333333333333333,0.3333333333333333,1.0,1.0,1.0,1.0,0.3333333333333333,0.0,1.0,1.0,0.6666666666666666,8.0,0.3333333333333333,0.0,1.0,0.3333333333333333,0.6666666666666666
154,Norte,TO,Privada,Urbana,0.9938650306748467,0.0,0.558282208588957,0.2147239263803681,0.26380368098159507,0.9570552147239264,0.6993865030674846,0.8159509202453987,1.0,0.1411042944785276,0.0,0.8159509202453987,1.0,0.5214723926380368,1.0,0.49079754601226994,0.0,1.0,0.5828220858895705,0.4294478527607362
155,Sudeste,ES,Estadual,Rural,1.0,0.05063291139240506,0.3291139240506329,0.13924050632911392,0.21518987341772153,0.8227848101265823,0.21518987341772153,0.8481012658227848,1.0,0.08860759493670886,0.0,0.7721518987341772,1.0,0.4177215189873418,0.0,0.3670886075949367,0.0,0.7088607594936709,0.43037974683544306,0.21518987341772153
156,Sudeste,ES,Estadual,Urbana,1.0,0.0,0.8966565349544073,0.6413373860182371,0.60790273556231,1.0,0.3951367781155015,0.9604863221884499,7.0,0.3009118541033435,0.0,0.9878419452887538,8.0,0.5835866261398176,4.0,0.8601823708206687,40.0,1.0,0.9057750759878419,0.6261398176291794
157,Sudeste,ES,Federal,Rural,1.0,0.0,1.0,0.8,1.0,1.0,1.0,0.6,2.0,0.8,4.0,1.0,20.0,1.0,94.0,0.4,0.0,1.0,1.0,1.0
158,Sudeste,ES,Federal,Urbana,1.0,0.0,1.0,0.9444444444444444,0.9444444444444444,1.0,0.8888888888888888,0.9444444444444444,2.0,0.7222222222222222,3.5,1.0,88888.0,1.0,88.5,0.6111111111111112,3.0,1.0,1.0,0.9444444444444444
159,Sudeste,ES,Municipal,Rural,0.9936948297604036,0.0,0.13240857503152584,0.011349306431273645,0.1223203026481715,0.7604035308953342,0.37326607818411095,0.7528373266078184,1.0,0.06935687263556116,0.0,0.4817150063051702,0.0,0.3354350567465322,0.0,0.22194199243379573,0.0,0.8411097099621689,0.27490542244640603,0.22950819672131148
160,Sudeste,ES,Municipal,Urbana,0.9979166666666667,0.0,0.33125,0.09166666666666666,0.30625,0.9902777777777778,0.7541666666666667,0.9375,2.0,0.1375,0.0,0.8527777777777777,1.0,0.42777777777777776,0.0,0.5020833333333333,1.0,0.9944444444444445,0.36736111111111114,0.3770833333333333
161,Sudeste,ES,Privada,Rural,1.0,0.0,0.9,0.8,0.85,1.0,0.7,0.95,1.0,0.05,0.0,0.9,2.0,0.95,12.5,0.75,1.0,1.0,0.9,0.9
162,Sudeste,ES,Privada,Urbana,0.9949238578680203,0.0,0.7385786802030457,0.5253807106598984,0.6395939086294417,0.9923857868020305,0.8730964467005076,0.8959390862944162,2.0,0.1751269035532995,0.0,0.9010152284263959,2.0,0.7842639593908629,10.0,0.5862944162436549,1.0,1.0,0.7436548223350253,0.6142131979695431
163,Sudeste,MG,Estadual,Rural,0.9448051948051948,0.0,0.8246753246753247,0.07142857142857142,0.762987012987013,0.9935064935064936,0.948051948051948,0.922077922077922,2.0,0.19805194805194806,0.0,0.961038961038961,3.0,0.8798701298701299,13.5,0.5194805194805194,1.0,0.9837662337662337,0.7792207792207793,0.2662337662337662
164,Sudeste,MG,Estadual,Urbana,0.9971437638844811,0.0,0.9663598857505554,0.33100602983179944,0.9330371310695017,0.999047921294827,0.9739765153919391,0.9641383687718185,3.0,0.487146937480165,0.0,0.9876229768327515,4.0,0.9495398286258331,20.0,0.560139638210092,2.0,0.9993652808632181,0.7756267851475722,0.35702951443986036
165,Sudeste,MG,Federal,Rural,1.0,0.0,1.0,0.9230769230769231,1.0,1.0,0.9230769230769231,1.0,5.0,0.7692307692307693,5.0,1.0,52.0,1.0,160.0,0.5384615384615384,1.0,1.0,1.0,0.9230769230769231
166,Sudeste,MG,Federal,Urbana,1.0,0.0,0.9264705882352942,0.8235294117647058,0.9411764705882353,1.0,0.8823529411764706,0.8676470588235294,2.0,0.6176470588235294,1.0,0.9705882352941176,20.0,0.9705882352941176,119.0,0.6176470588235294,4.5,1.0,0.9852941176470589,0.7941176470588235
167,Sudeste,MG,Municipal,Rural,0.9757505773672055,0.00038491147036181676,0.29484218629715164,0.011547344110854504,0.16666666666666666,0.6878367975365666,0.5003849114703618,0.7717474980754426,1.0,0.06004618937644342,0.0,0.43456505003849116,0.0,0.4037721324095458,0.0,0.24403387220939185,0.0,0.775211701308699,0.23556581986143188,0.1608929946112394
168,Sudeste,MG,Municipal,Urbana,0.9938356164383562,0.0,0.49931506849315066,0.06335616438356165,0.2922945205479452,0.9534246575342465,0.7393835616438356,0.928082191780822,2.0,0.1881849315068493,0.0,0.7445205479452055,1.0,0.4476027397260274,0.0,0.4083904109589041,0.0,0.9729452054794521,0.33613013698630134,0.3667808219178082
169,Sudeste,MG,Privada,Rural,0.95,0.0,0.775,0.175,0.675,1.0,0.8,0.9,1.0,0.05,0.0,0.85,1.5,0.85,7.5,0.625,1.5,1.0,0.75,0.5
170,Sudeste,MG,Privada,Urbana,0.9954472415640064,0.0,0.7233529726834493,0.2579003749330477,0.3652919121585431,0.9716122121049813,0.8433315479378682,0.8912694161756829,2.0,0.09989287627209427,0.0,0.72710230316015,1.0,0.5915907873594001,1.0,0.5133904659882164,1.0,0.9919657204070702,0.4547402249598286,0.49491162292447777
171,Sudeste,RJ,Estadual,Rural,1.0,0.0,0.5882352941176471,0.3431372549019608,0.6372549019607843,0.9803921568627451,0.7156862745098039,0.9607843137254902,2.0,0.29411764705882354,0.0,0.9705882352941176,2.0,0.5196078431372549,1.0,0.8529411764705882,15.0,1.0,0.6568627450980392,0.6176470588235294
172,Sudeste,RJ,Estadual,Urbana,1.0,0.0,0.6793570219966159,0.45346869712351945,0.637901861252115,0.9966159052453468,0.7614213197969543,0.9213197969543148,2.0,0.44247038917089676,0.0,0.9534686971235194,2.0,0.6573604060913706,4.0,0.8248730964467005,15.0,0.9957698815566836,0.6522842639593909,0.6742808798646363
173,Sudeste,RJ,Federal,Rural,1.0,0.0,1.0,0.6666666666666666,1.0,1.0,1.0,1.0,9.0,0.6666666666666666,1.0,1.0,8.0,1.0,35.0,0.6666666666666666,1.0,1.0,1.0,0.6666666666666666
174,Sudeste,RJ,Federal,Urbana,1.0,0.0,1.0,0.896551724137931,0.9310344827586207,1.0,0.9310344827586207,0.9137931034482759,4.0,0.4827586206896552,0.0,1.0,15.5,0.9655172413793104,53.5,0.3620689655172414,0.0,1.0,0.896551724137931,0.6896551724137931
175,Sudeste,RJ,Municipal,Rural,0.9633740288568258,0.0,0.23751387347391786,0.03773584905660377,0.2253052164261931,0.8990011098779135,0.5948945615982242,0.8956714761376249,1.0,0.16315205327413984,0.0,0.6526082130965594,1.0,0.4506104328523862,0.0,0.390677025527192,0.0,0.8890122086570478,0.244173140954495,0.31076581576026635
176,Sudeste,RJ,Municipal,Urbana,0.9828269484808454,0.0,0.27763099955966536,0.09291061206516953,0.3474240422721268,0.9594892118009687,0.7531924262439454,0.9189784236019375,2.0,0.10215763980625275,0.0,0.7928225451343021,1.0,0.5048436811977103,1.0,0.4711580801409071,0.0,0.9667547335975342,0.3245266402465874,0.45090268604139144
177,Sudeste,RJ,Privada,Rural,0.9811320754716981,0.0,0.6415094339622641,0.1509433962264151,0.2641509433962264,0.9245283018867925,0.8679245283018868,0.9433962264150944,2.0,0.11320754716981132,0.0,0.7169811320754716,1.0,0.4716981132075472,0.0,0.41509433962264153,0.0,0.9811320754716981,0.2830188679245283,0.5849056603773585
178,Sudeste,RJ,Privada,Urbana,0.9951032573983394,0.0,0.5601447732595274,0.19097296146476475,0.36853310623802427,0.96657440919736,0.8522461145411965,0.8918458590589738,2.0,0.10815414094102618,0.0,0.6851181605279966,1.0,0.6555248030657866,2.0,0.5350223546944859,1.0,0.9914839259101554,0.41643602299340005,0.4847775175644028
179,Sudeste,SP,Estadual,Rural,0.9859154929577465,0.0,0.09859154929577464,0.05352112676056338,0.4619718309859155,0.7633802816901408,0.428169014084507,0.7661971830985915,4.0,0.12112676056338029,0.0,0.2676056338028169,0.0,0.5464788732394367,3.0,0.5154929577464789,2.0,0.7352112676056338,0.5549295774647888,0.49859154929577465
180,Sudeste,SP,Estadual,Urbana,0.9987025023169601,0.0005560704355885078,0.0726598702502317,0.2266913809082484,0.7873957367933272,0.9816496756255793,0.6329935125115848,0.9681186283595922,12.0,0.23892493049119556,0.0,0.4483781278962002,0.0,0.8302131603336422,14.0,0.7961075069508804,40.0,0.9846153846153847,0.8650602409638555,0.7362372567191844
181,Sudeste,SP,Federal,Rural,1.0,0.0,1.0,0.0,0.0,0.0,0.0,0.0,0.0,0.0,0.0,0.0,0.0,0.0,0.0,0.0,0.0,1.0,1.0,1.0
182,Sudeste,SP,Federal,Urbana,1.0,0.0,0.975609756097561,0.7317073170731707,0.9512195121951219,1.0,0.975609756097561,0.9024390243902439,3.0,0.5121951219512195,1.0,0.9512195121951219,30.0,0.975609756097561,160.0,0.6341463414634146,3.0,1.0,0.975609756097561,0.7073170731707317
183,Sudeste,SP,Municipal,Rural,0.9726027397260274,0.0,0.12577833125778332,0.009962640099626401,0.23412204234122042,0.7795765877957659,0.48816936488169366,0.8729763387297634,1.0,0.16189290161892902,0.0,0.30635118306351183,0.0,0.3449564134495641,0.0,0.2901618929016189,0.0,0.838107098381071,0.4520547945205479,0.4122042341220423
184,Sudeste,SP,Municipal,Urbana,0.9972604947224236,0.0,0.15695753766819756,0.03593586334703086,0.3160905648215293,0.9834018209652727,0.7121907984852147,0.929981468052534,3.0,0.264201111916848,0.0,0.4849730078156474,0.0,0.36491821771009586,0.0,0.2899041173152848,0.0,0.9906534525823866,0.3782128756748046,0.49987913947304813
185,Sudeste,SP,Privada,Rural,0.9545454545454546,0.0,0.2727272727272727,0.16666666666666666,0.24242424242424243,0.9545454545454546,0.7424242424242424,0.7121212121212122,1.0,0.09090909090909091,0.0,0.3333333333333333,0.0,0.42424242424242425,0.0,0.2878787878787879,0.0,0.9696969696969697,0.48484848484848486,0.5757575757575758
186,Sudeste,SP,Privada,Urbana,0.9907890163364615,0.0011296489398679179,0.2644247480013903,0.1470281543274244,0.2659888773027459,0.9404761904761905,0.7073340285019117,0.8453249913103927,2.0,0.13277719847062913,0.0,0.37938825165102535,0.0,0.41492874522071604,0.0,0.3116962113312478,0.0,0.9903545359749739,0.4367396593673966,0.49982620785540494
187,Sul,PR,Estadual,Rural,0.9877450980392157,0.0,0.8284313725490197,0.42892156862745096,0.8700980392156863,1.0,0.8700980392156863,0.9828431372549019,5.0,0.007352941176470588,0.0,0.928921568627451,2.0,0.9852941176470589,20.0,0.7818627450980392,4.0,1.0,0.928921568627451,0.5
188,Sul,PR,Estadual,Urbana,0.9988207547169812,0.0,0.9475235849056604,0.7712264150943396,0.9669811320754716,0.9988207547169812,0.8962264150943396,0.9593160377358491,13.0,0.045990566037735846,0.0,0.9705188679245284,4.0,0.9899764150943396,27.0,0.9204009433962265,24.0,0.9994103773584906,0.9386792452830188,0.5530660377358491
189,Sul,PR,Federal,Rural,1.0,0.0,1.0,1.0,1.0,1.0,0.5,1.0,2.5,0.0,0.0,1.0,44447.5,1.0,54.5,0.5,10.0,1.0,1.0,0.0
190,Sul,PR,Federal,Urbana,1.0,0.0,1.0,0.9285714285714286,1.0,1.0,0.9285714285714286,0.9285714285714286,4.0,0.5,0.5,0.9642857142857143,37.5,1.0,100.0,0.7142857142857143,3.5,1.0,1.0,0.75
191,Sul,PR,Municipal,Rural,0.9757653061224489,0.003826530612244898,0.3405612244897959,0.02423469387755102,0.16709183673469388,0.9387755102040817,0.6186224489795918,0.8380102040816326,1.0,0.030612244897959183,0.0,0.6071428571428571,1.0,0.4451530612244898,0.0,0.32908163265306123,0.0,0.9298469387755102,0.29591836734693877,0.28316326530612246
192,Sul,PR,Municipal,Urbana,0.9995529727313366,0.0,0.3991953509164059,0.0310683951721055,0.24117121144389808,0.9950827000447027,0.7977201609298167,0.9436745641484131,3.0,0.03755029056772463,0.0,0.7881090746535538,1.0,0.5172105498435404,1.0,0.43540455967814035,0.0,0.9979883772910147,0.32789450156459543,0.45149754135002235
193,Sul,PR,Privada,Rural,1.0,0.0,0.7272727272727273,0.45454545454545453,0.2727272727272727,1.0,0.7272727272727273,0.9090909090909091,2.0,0.18181818181818182,0.0,0.9090909090909091,1.0,0.7272727272727273,1.0,0.7272727272727273,2.0,1.0,0.5454545454545454,0.2727272727272727
194,Sul,PR,Privada,Urbana,0.9915611814345991,0.0,0.6329113924050633,0.33145804031879983,0.40318799812470696,0.9882794186591655,0.8471636193155181,0.8945147679324894,2.0,0.12236286919831224,0.0,0.782934833567745,1.0,0.6680731364275668,2.0,0.5874355368026254,1.0,0.9967182372245663,0.5405532114392874,0.5311767463666198
195,Sul,RS,Estadual,Rural,0.9885714285714285,0.0019047619047619048,0.76,0.18476190476190477,0.48,0.9580952380952381,0.46476190476190476,0.8114285714285714,1.0,0.11238095238095239,0.0,0.7619047619047619,1.0,0.6761904761904762,4.0,0.5561904761904762,7.0,0.9466666666666667,0.84,0.17904761904761904
196,Sul,RS,Estadual,Urbana,0.9978021978021978,0.0,0.8807692307692307,0.5521978021978022,0.7384615384615385,0.9923076923076923,0.6401098901098901,0.8774725274725275,2.0,0.2412087912087912,0.0,0.9131868131868132,3.0,0.7675824175824176,10.0,0.6324175824175824,30.0,0.9923076923076923,0.8510989010989011,0.23076923076923078
197,Sul,RS,Federal,Rural,1.0,0.0,1.0,1.0,1.0,1.0,0.8888888888888888,0.7777777777777778,5.0,0.6666666666666666,5.0,1.0,32.0,1.0,200.0,0.7777777777777778,7.0,1.0,1.0,1.0
198,Sul,RS,Federal,Urbana,1.0,0.0,0.975,0.9,0.975,1.0,0.825,0.9,2.5,0.525,1.0,0.975,22.0,0.975,118.0,0.675,2.5,1.0,0.975,0.85
199,Sul,RS,Municipal,Rural,0.9454094292803971,0.0,0.4946236559139785,0.07113316790736146,0.35153019023986765,0.9106699751861043,0.6476426799007444,0.8899917287014061,2.0,0.19851116625310175,0.0,0.7543424317617866,1.0,0.685690653432589,2.0,0.6567411083540116,1.0,0.956989247311828,0.6410256410256411,0.34739454094292804
200,Sul,RS,Municipal,Urbana,0.9606602475928473,0.0,0.5037138927097662,0.10729023383768914,0.3359009628610729,0.9458046767537827,0.6588720770288858,0.90646492434663,3.0,0.2753782668500688,0.0,0.809353507565337,1.0,0.559009628610729,1.0,0.6357634112792298,2.0,0.9944979367262724,0.44126547455295734,0.4407152682255846
201,Sul,RS,Privada,Rural,0.9583333333333334,0.0,0.625,0.20833333333333334,0.2916666666666667,1.0,0.75,0.9583333333333334,2.0,0.125,0.0,0.6666666666666666,1.0,0.375,0.0,0.6666666666666666,1.0,1.0,0.5416666666666666,0.4583333333333333
202,Sul,RS,Privada,Urbana,0.9896831245394252,0.0,0.5438467207074429,0.19380987472365513,0.27192336035372144,0.9620486366985999,0.682756079587325,0.8960943257184967,2.0,0.0991156963890936,0.0,0.5232129697862933,1.0,0.4613117170228445,0.0,0.4922623434045689,0.0,0.9893146647015475,0.3522476050110538,0.5136330140014739
203,Sul,SC,Estadual,Rural,0.9395604395604396,0.0,0.7087912087912088,0.1043956043956044,0.6923076923076923,0.989010989010989,0.6483516483516484,0.8626373626373627,2.0,0.8846153846153846,1.0,0.9230769230769231,2.0,0.7912087912087912,5.0,0.532967032967033,1.0,0.9835164835164835,0.7802197802197802,0.6098901098901099
204,Sul,SC,Estadual,Urbana,0.9626253418413856,0.0,0.7438468550592525,0.2716499544211486,0.7000911577028259,0.9690063810391978,0.6809480401093893,0.8477666362807658,2.0,0.7629899726526892,1.0,0.8632634457611669,3.0,0.7392889699179581,7.0,0.5050136736554239,1.0,0.9826800364630811,0.7028258887876025,0.6408386508659982
205,Sul,SC,Federal,Rural,1.0,0.0,1.0,0.6666666666666666,1.0,1.0,0.6666666666666666,1.0,16.0,0.3333333333333333,0.0,1.0,22.0,1.0,25.0,0.3333333333333333,0.0,1.0,1.0,0.3333333333333333
206,Sul,SC,Federal,Urbana,1.0,0.0,1.0,0.8333333333333334,0.9444444444444444,1.0,0.8333333333333334,0.9444444444444444,3.0,0.5,0.5,1.0,88888.0,1.0,119.0,0.4722222222222222,0.0,1.0,0.9722222222222222,0.9166666666666666
207,Sul,SC,Municipal,Rural,0.9975961538461539,0.0,0.33413461538461536,0.025240384615384616,0.25841346153846156,0.8978365384615384,0.6033653846153846,0.8713942307692307,2.0,0.17908653846153846,0.0,0.6814903846153846,1.0,0.4723557692307692,0.0,0.4543269230769231,0.0,0.9723557692307693,0.49278846153846156,0.31850961538461536
208,Sul,SC,Municipal,Urbana,0.9983601180714988,0.0,0.3761889143981633,0.07609052148245327,0.26566087241718594,0.9632666448015743,0.6457855034437521,0.9163660216464414,3.0,0.2564775336175795,0.0,0.8038701213512627,1.0,0.405706789111184,0.0,0.5031157756641522,1.0,0.9980321416857986,0.3860282059691702,0.4470318137094129
209,Sul,SC,Privada,Rural,1.0,0.0,0.3333333333333333,0.16666666666666666,0.2777777777777778,0.8888888888888888,0.5555555555555556,0.8888888888888888,3.5,0.05555555555555555,0.0,0.5,0.5,0.3333333333333333,0.0,0.3888888888888889,0.0,1.0,0.3888888888888889,0.2777777777777778
210,Sul,SC,Privada,Urbana,0.9971751412429378,0.0,0.6200564971751412,0.2725988700564972,0.4216101694915254,0.9788135593220338,0.788135593220339,0.8502824858757062,2.0,0.1899717514124294,0.0,0.7415254237288136,1.0,0.6059322033898306,2.0,0.5925141242937854,1.0,0.9992937853107344,0.565677966101695,0.527542372881356
